{
	"generator_info": "Shape definitions generated with PhysicsEditor. Visit https://www.codeandweb.com/physicseditor",
	"Frame_15_medium": {
		"type": "fromPhysicsEditor",
		"label": "Frame_15_medium",
		"isStatic": true,
		"density": 0.1,
		"restitution": 0,
		"friction": 0.1,
		"frictionAir": 0.01,
		"frictionStatic": 0.5,
		"collisionFilter": {
			"group": 0,
			"category": 1,
			"mask": 255
		},
		"fixtures": [
			{
				"label": "",
				"isSensor": false,
				"vertices": [
					[ { "x":85, "y":96 }, { "x":144, "y":49 }, { "x":84, "y":43 } ],
					[ { "x":163, "y":848 }, { "x":23, "y":758 }, { "x":7, "y":849 } ],
					[ { "x":409, "y":588 }, { "x":450, "y":622 }, { "x":466, "y":257 }, { "x":432, "y":408 }, { "x":411, "y":534 } ],
					[ { "x":65, "y":582 }, { "x":65, "y":530 }, { "x":24, "y":310 }, { "x":33, "y":602 } ],
					[ { "x":417, "y":136 }, { "x":466, "y":257 }, { "x":457, "y":194 } ],
					[ { "x":441, "y":198 }, { "x":445, "y":257 }, { "x":466, "y":257 } ],
					[ { "x":392, "y":506 }, { "x":411, "y":534 }, { "x":432, "y":408 } ],
					[ { "x":84, "y":43 }, { "x":144, "y":49 }, { "x":234, "y":31 }, { "x":59, "y":22 } ],
					[ { "x":445, "y":257 }, { "x":432, "y":408 }, { "x":466, "y":257 } ],
					[ { "x":79, "y":507 }, { "x":24, "y":310 }, { "x":65, "y":530 } ],
					[ { "x":23, "y":758 }, { "x":22, "y":633 }, { "x":7, "y":849 } ],
					[ { "x":466, "y":257 }, { "x":450, "y":622 }, { "x":451, "y":758 }, { "x":464, "y":815 } ],
					[ { "x":451, "y":758 }, { "x":312, "y":851 }, { "x":464, "y":815 } ],
					[ { "x":312, "y":851 }, { "x":563, "y":845 }, { "x":514, "y":814 }, { "x":464, "y":815 } ],
					[ { "x":514, "y":814 }, { "x":563, "y":845 }, { "x":561, "y":8 }, { "x":516, "y":271 } ],
					[ { "x":516, "y":271 }, { "x":561, "y":8 }, { "x":499, "y":197 } ],
					[ { "x":499, "y":197 }, { "x":561, "y":8 }, { "x":438, "y":104 } ],
					[ { "x":438, "y":104 }, { "x":561, "y":8 }, { "x":343, "y":40 } ],
					[ { "x":561, "y":8 }, { "x":7, "y":3 }, { "x":234, "y":31 }, { "x":343, "y":40 } ],
					[ { "x":33, "y":602 }, { "x":24, "y":310 }, { "x":22, "y":633 } ],
					[ { "x":22, "y":633 }, { "x":21, "y":56 }, { "x":7, "y":3 }, { "x":7, "y":849 } ],
					[ { "x":21, "y":56 }, { "x":34, "y":31 }, { "x":7, "y":3 } ],
					[ { "x":34, "y":31 }, { "x":59, "y":22 }, { "x":7, "y":3 } ],
					[ { "x":59, "y":22 }, { "x":234, "y":31 }, { "x":7, "y":3 } ]
				]
			}
		]
	}
}
